Humanos|Humanos
Animais|Animais
Masculino|Masculino
Feminino|Feminino
Gravidez|Gravidez
Recém-Nascido|Recém-Nascido
Lactente|Lactente
Pré-Escolar|Pré-Escolar
Criança|Criança
Adolescente|Adolescente
Adulto|Adulto
Meia-Idade|Meia-Idade
Idoso|Idoso
Idoso de 80 Anos ou mais|Idoso de 80 Anos ou mais
Gatos|Gatos
Bovinos|Bovinos
Embrião de Galinha|Embrião de Galinha
Cães|Cães
Cobaias|Cobaias
Cricetinae|Cricetinae
Camundongos|Camundongos
Coelhos|Coelhos
Ratos|Ratos
História Antiga|História Antiga
História Medieval|História Medieval
História do Século 15|História do Século 15
História do Século 16|História do Século 16
História do Século 17|História do Século 17
História do Século 18|História do Século 18
História do Século 19|História do Século 19
História do Século 20|História do Século 20
História do Século 21|História do Século 21